Ad ID,Description,Location,Postcode,Price,Rooms,Size (m²),State,District,Location Quality,Floor,Property Type,Published Date,Rent (€),Address
1585504762,Erstbezug! Sanierte und helle 2 Zimmer Wohnung mit separater Küche zentral gelegen 1210 Wien,"Wien, 21. Bezirk, Floridsdorf",1210,1080,3,60,Wien,Wien,1.0,N/A,Wohnung,2025-11-01T14:05:00Z,1080.0,N/A
1961819641,Zu vermieten: 1-Zimmer | großer Balkon | Hoßplatz 25er 26er | Keine Ablöse,"Wien, 21. Bezirk, Floridsdorf",1210,765,1,34,Wien,Wien,1.0,1,Wohnung,2025-11-01T14:04:00Z,765.0,Donaufelder Straße 2
1165253338,Wohnung im 22. Bezirk in Wien zu vermieten.,"Wien, 22. Bezirk, Donaustadt",1220,1300,3,85,Wien,Wien,0.79,N/A,Wohnung,2025-11-01T13:57:00Z,1300.0,Soldanellenweg
2094160634,RUHELAGE - 3-Zimmerwohnung mit Balkon!,"Wien, 05. Bezirk, Margareten",1050,1433.91,3,58,Wien,Wien,1.0,4,Wohnung,2025-11-01T13:54:00Z,1433.91,Christophgasse
883728819,Traumhafte helle 2-Zimmerwohnung mit großer Loggia/Balkon! (Mietbeginn 01.12.2025),"Wien, 12. Bezirk, Meidling",1120,1243.91,2,56,Wien,Wien,1.0,1,Wohnung,2025-11-01T13:54:00Z,1243.91,Oswaldgasse
790294901,Traumhafte helle 2-Zimmerwohnung mit Loggia und kleinem Garten!,"Wien, 12. Bezirk, Meidling",1120,1233.9,2,56,Wien,Wien,1.0,0,Wohnung,2025-11-01T13:54:00Z,1233.9,Oswaldgasse
1914852338,Helle 3-Zimmer Wohnung nahe Belvedere,"Wien, 03. Bezirk, Landstraße",1030,1687,3,82,Wien,Wien,0.79,5,Wohnung,2025-11-01T13:46:00Z,1687.0,Mohsgasse
1029402230,"3 Zimmer, 2 Bäder, Terrasse & Bulthaup-Küche inkl. Auto-Abstellplatz // 3 Rooms, 2 Baths, terrace & Bulthaup-kitchen incl. Car-Parking //","Wien, 22. Bezirk, Donaustadt",1220,2358.97,3,108,Wien,Wien,1.0,2,Wohnung,2025-11-01T13:37:00Z,2358.97,N/A
1872603008,Ihre Dachgeschosswohnung in der Maroltingergasse - Komfort & Weitblick im 16. Bezirk. - WOHNTRAUM,"Wien, 16. Bezirk, Ottakring",1160,1898.29,4,106,Wien,Wien,1.0,N/A,Wohnung,2025-11-01T13:36:00Z,1898.29,Maroltingergasse 57
1724192405,/ BALKON / 3 ZIMMER / 2 BÄDER / MODERNE ANLAGE / U-BAHN NÄHE,"Wien, 15. Bezirk, Rudolfsheim-Fünfhaus",1150,1569,3,77,Wien,Wien,1.0,6,Wohnung,2025-11-01T13:26:00Z,1569.0,Graumanngasse
1195916938,"Helle, nordseitige 2-Zimmer-Wohnung mit Top-Lage am Lainzer Platz","Wien, 13. Bezirk, Hietzing",1130,1100,2,57,Wien,Wien,1.0,1,Wohnung,2025-11-01T13:22:00Z,1100.0,Jagdschlossgasse1-3
2062117373,Helle 3-Zimmer-Wohnung mit hofseitiger Loggia in ruhiger Lage - Nähe U4 Unter St. Veit,"Wien, 14. Bezirk, Penzing",1140,1290,3,72,Wien,Wien,0.79,1,Wohnung,2025-11-01T13:10:00Z,1290.0,Cumberlandstraße
1794400267,KLIMATISIERT - beste Aussicht in Donaustadt inkl. Tiefgaragenplatz,"Wien, 22. Bezirk, Donaustadt",1220,949,2,40,Wien,Wien,1.0,6,Wohnung,2025-11-01T12:54:00Z,949.0,N/A
849877917,"Voll möblierte 3 Zimmer Wohnung mit Loggia, Pool, Sauna, Terrasse und Fitnessbereich am Wienerberg!","Wien, 10. Bezirk, Favoriten",1100,2199.99,3,120,Wien,Wien,N/A,5,Wohnung,2025-11-01T12:49:00Z,2199.99,N/A
1396511656,MIETANBOT LIEGT VOR =LAURENZ= Gartenwohnung 3 Zimmer Wohnung mit Weitblick! ERSTBEZUG U3,"Wien, 11. Bezirk, Simmering",1110,1603.8,3,79,Wien,Wien,N/A,0,Wohnung,2025-11-01T12:49:00Z,1603.8,N/A
773045117,"2-Zimmer Wohnung, mit guter Verkehrsanbindung, Nähe U4/ Naschmarkt","Wien, 05. Bezirk, Margareten",1050,980,2,63,Wien,Wien,0.79,1,Wohnung,2025-11-01T12:26:00Z,980.0,Zentagasse
807045998,Klimatisierte Wohnung in Hofruhelage am Hohen Markt mit Stellplatzberechtigung! 2 Bäder und Balkon!,"Wien, 01. Bezirk, Innere Stadt",1010,2299,3,76,Wien,Wien,1.0,2,Wohnung,2025-11-01T12:24:00Z,2299.0,Hoher Markt 8-9
1651388292,OPERNRINGHOF 3 Zimmer Wohnung/Büro I 2 Bedroom Apartment opposite Opera,"Wien, 01. Bezirk, Innere Stadt",1010,2117.97,3,83,Wien,Wien,N/A,1,Wohnung,2025-11-01T12:19:00Z,2117.97,N/A
1123488987,"Helle drei Zimmerwohnung mit Balkon, in Fußnähe der Innenstadt und Auggarten","Wien, 02. Bezirk, Leopoldstadt",1020,1400,4,85,Wien,Wien,0.79,N/A,Wohnung,2025-11-01T12:11:00Z,1400.0,Untere Auggartenstraße
621476188,Wohnen am Augarten,"Wien, 20. Bezirk, Brigittenau",1200,990,2,70,Wien,Wien,0.79,1,Wohnung,2025-11-01T12:02:00Z,990.0,Unterbergergasse
1227173976,DACHGESCHOSSWOHNUNG mit Balkon,"Wien, 19. Bezirk, Döbling",1190,3724.99,5,170,Wien,Wien,1.0,N/A,Wohnung,2025-11-01T11:58:00Z,3724.99,N/A
1984691107,Loggia-Wohnung inkl. Hz und WW im Zentrum von Wien !,"Wien, 01. Bezirk, Innere Stadt",1010,1482.23,2,71,Wien,Wien,1.0,3,Wohnung,2025-11-01T11:34:00Z,1482.23,N/A
1075574890,NACHMIETERSUCHE!! Wohnen in Floridsdorf - 2-Zimmer-Wohnung mit Balkon - Nähe Shopping City Nord & Klink Floridsdorf!!,"Wien, 21. Bezirk, Floridsdorf",1210,979.2,2,44,Wien,Wien,1.0,4,Wohnung,2025-11-01T11:34:00Z,979.2,Berzeliusgasse
1506013177,Hier müssen Sie schnell sein - AB SOFORT BEZIEHBAR!! Tolle 3 Zimmerwohnung + Terrasse/Garten! Absolute Ruhelage - Tokiostraße!!,"Wien, 22. Bezirk, Donaustadt",1220,1498.99,3,60,Wien,Wien,1.0,0,Wohnung,2025-11-01T11:34:00Z,1498.99,Tokiostraße
967742516,"""Provision Frei"" 45 m2 Liechtensteinstrasse Wohnung (1090) - Möbliert","Wien, 09. Bezirk, Alsergrund",1090,985,0,45,Wien,Wien,1.0,N/A,Wohnung,2025-11-01T11:30:00Z,985.0,Liechtensteinstrasse 122 top 5
958560342,Family Residences - Ehem. Grinzinger Bergstraße 129 | Top 2.1,"Wien, 19. Bezirk, Döbling",1190,6429.21,5,215,Wien,Wien,1.0,0,Wohnung,2025-11-01T11:18:00Z,6429.21,N/A
1315833510,"Schöne lichtdurchflutete 3-Zimmer Wohnung mit Loggia und Garten, Ruhelage","Wien, 23. Bezirk, Liesing",1230,1298,3,73,Wien,Wien,0.79,1,Wohnung,2025-11-01T11:05:00Z,1298.0,Haymogasse
1266888150,"Helle 4-Zimmer-Wohnung mit Grünblick, Nähe Türkenschanzpark & Spittelau","Wien, 19. Bezirk, Döbling",1190,1440,4,86,Wien,Wien,0.79,2,Wohnung,2025-11-01T10:45:00Z,1440.0,Billrothstraße
1100450532,"Pärchen Wohnung oder 2er WG in 1090 , eine Minute vom 1 Bezirk. PROVISIONSFREI","Wien, 09. Bezirk, Alsergrund",1090,1600,2,73,Wien,Wien,N/A,4,Wohnung,2025-11-01T10:41:00Z,1600.0,N/A
1248019027,Altbauwohnung in Bestlage - auf Wunsch möbliert oder unmöbliert,"Wien, 01. Bezirk, Innere Stadt",1010,5490,4,234,Wien,Wien,1.0,3,Wohnung,2025-11-01T10:35:00Z,5490.0,N/A
2038766342,"Schönes, zentrales Künstler-Wohnatelier, 5. Bez./ Wien","Wien, 05. Bezirk, Margareten",1050,740,1,42,Wien,Wien,0.79,2,Wohnung,2025-11-01T10:34:00Z,740.0,Schönbrunnerstr.
1377478839,UNBEFRISTET: 2-Zimmer-Balkon-Wohnung in der Landstr.Hauptstr. 73-Top 1.08,"Wien, 03. Bezirk, Landstraße",1030,1233.3,2,58,Wien,Wien,1.0,N/A,Wohnung,2025-11-01T10:23:00Z,1233.3,Landstraßer Hauptstraße 73
1305392785,"Wunderschöne provisionsfreie Wohnung inkl. Pool, Sauna, Fitness, Urban Gardening und Balkon","Wien, 23. Bezirk, Liesing",1230,1066,2,53,Wien,Wien,1.0,7,Wohnung,2025-11-01T09:59:00Z,1066.0,"Helene-Lieser-Platz 2, Stiege 3"
1303246002,++ NEU ++ !! SUPER LAGE - VOLL MÖBLIERTE WOHNUNG IN SIMMERING !! 860€ inkl. Betriebskosten + Wohnungsversicherung / exklusive Stromkosten,"Wien, 11. Bezirk, Simmering",1110,860,1,35,Wien,Wien,N/A,4,Wohnung,2025-11-01T09:58:00Z,860.0,N/A
804483349,"Danubeflats. Rare corner unit! Executive 32nd floor. Luxury furnished 1-BR 60sqm + 35 terrace with Stunning View | Danube Tower, Floor 32","Wien, 22. Bezirk, Donaustadt",1220,2990,2,60,Wien,Wien,1.0,32,Wohnung,2025-11-01T09:53:00Z,2990.0,Wagramerstrasse 2
1543075719,Top Lage an Grenze zum 1. Bezirk. 2 -Zimmer Neubauwohnung mit Stellplatz im Innenhof,"Wien, 02. Bezirk, Leopoldstadt",1020,1395.01,2,62,Wien,Wien,1.0,2,Wohnung,2025-11-01T09:36:00Z,1395.01,N/A
1201999170,Süße mini Wohnung mit Parking in schöner Lage - 2 bis 6 Monate!,"Wien, 06. Bezirk, Mariahilf",1060,899,1,27,Wien,Wien,0.79,Mezannine,Wohnung,2025-11-01T09:30:00Z,899.0,Webgasse
1499730469,"High End Lifestyle mit Pool, Gym und Sauna","Wien, 22. Bezirk, Donaustadt",1220,1149.5,1,34,Wien,Wien,N/A,6,Wohnung,2025-11-01T09:19:00Z,1149.5,N/A
1271127884,Sehr schöne 4-Zimmer-Wohnung mit 13m² Außenfläche!!! Sofort verfügbar!,"Wien, 19. Bezirk, Döbling",1190,2670,4,100,Wien,Wien,N/A,2,Wohnung,2025-11-01T09:06:00Z,2670.0,N/A
961999478,Wohnung in Kaisermühlen - Nur wenige Schritte zur Alten Donau,"Wien, 22. Bezirk, Donaustadt",1220,1299,3,67,Wien,Wien,1.0,1,Wohnung,2025-11-01T09:05:00Z,1299.0,Am Kaisermühlendamm
894680286,Gemütliche 2-Zimmer-Wohnung mit Loggia in 1160 Wien,"Wien, 16. Bezirk, Ottakring",1160,801.53,2,52,Wien,Wien,1.0,2,Wohnung,2025-11-01T09:05:00Z,801.53,Herbststraße
657971198,unbefristete 2 ZimmerWohnung mitten in Hietzing,"Wien, 13. Bezirk, Hietzing",1130,1097.27,2,82,Wien,Wien,N/A,EG,Wohnung,2025-11-01T09:01:00Z,1097.27,N/A
1693116528,2-Zimmerwohnung im 2. Liftstock mit Balkon!,"Wien, 12. Bezirk, Meidling",1120,1190,2,51,Wien,Wien,1.0,2,Wohnung,2025-11-01T08:55:00Z,1190.0,Mandlgasse 19
1153647830,3-Zimmerwohnung im 1. Stock mit Lift - 2-er WG geeignet!,"Wien, 12. Bezirk, Meidling",1120,1350,3,84,Wien,Wien,1.0,1,Wohnung,2025-11-01T08:55:00Z,1350.0,Mandlgasse 19
1062900238,Wohnoase nahe Donauzentrum und U1 - Provisionsfrei - Privatanbieter,"Wien, 22. Bezirk, Donaustadt",1220,980,2,46,Wien,Wien,1.0,1,Wohnung,2025-11-01T08:51:00Z,980.0,Arakawastraße 3
1262643457,"All in, max. 6 Monate, nähe 1. Bezirk und Wien Mitte","Wien, 03. Bezirk, Landstraße",1030,995,1,33,Wien,Wien,0.79,3,Wohnung,2025-11-01T08:50:00Z,995.0,Hetzgasse
1135077096,Erstbezug * 2 Zimmer * Balkon * 17. OG * Roof-Top Pool * Concierge-Service,"Wien, 02. Bezirk, Leopoldstadt",1020,1660,2,56,Wien,Wien,1.0,17,Wohnung,2025-11-01T08:33:00Z,1660.0,Meiereistraße 14
1155149094,Traumhafte Dachgeschosswohnung im grünen Sievering!,"Wien, 19. Bezirk, Döbling",1190,3725,5,170,Wien,Wien,1.0,N/A,Wohnung,2025-11-01T08:24:00Z,3725.0,Hutweidengasse
1363557821,Exklusive 4-Zimmer-Wohnung am Kaasgraben,"Wien, 19. Bezirk, Döbling",1190,2670,4,99,Wien,Wien,1.0,2,Wohnung,2025-11-01T08:24:00Z,2670.0,Kaasgrabengasse
1456914820,Moderne 2-Zimmer-Wohnung mit Balkon,"Wien, 18. Bezirk, Währing",1180,1349,2,53,Wien,Wien,1.0,3,Wohnung,2025-11-01T08:22:00Z,1349.0,Karlweisgasse 15
1334331191,Exklusive Neubauwohnung mit Außenflächen,"Wien, 19. Bezirk, Döbling",1190,3299,4,126,Wien,Wien,1.0,2,Wohnung,2025-11-01T08:22:00Z,3299.0,Kaasgrabengasse 6
1729630906,Mietwohnungen 1170 Wien - Erstbezug - sofort verfügbar,"Wien, 17. Bezirk, Hernals",1170,726.09,0,N/A,Wien,Wien,N/A,N/A,N/A,2025-10-31T09:50:00Z,N/A,N/A
1857849681,"Das Projekt ""MOLLARD 50"" in der Mollardgasse 50, 1060 Wien","Wien, 06. Bezirk, Mariahilf",1060,1274.98,0,N/A,Wien,Wien,1.0,N/A,N/A,2025-10-28T11:44:00Z,N/A,N/A
1789911651,MODERNE MIETWOHNUNG IN TOLLER LAGE | 1150 WIEN | PROVISIONSFREI,"Wien, 15. Bezirk, Rudolfsheim-Fünfhaus",1150,1569,0,N/A,Wien,Wien,1.0,N/A,N/A,2025-10-27T10:58:00Z,N/A,Graumanngasse
877912898,DC-FLATS: 302 brandneue High-End-Apartments bei der UNO-City!! ERSTBEZUG!!,"Wien, 22. Bezirk, Donaustadt",1220,670,0,N/A,Wien,Wien,N/A,N/A,N/A,2025-10-27T10:53:00Z,N/A,N/A
2063655877,"Helle 1-Zimmer-Wohnung in Wien 10, Nähe Hauptbahnhof - voll möbliert","Wien, 10. Bezirk, Favoriten",1100,500,1,32,Wien,Wien,N/A,N/A,Wohnung,2025-11-03T08:15:00Z,500.0,N/A
1159009004,Wohnung provisionsfrei mit Balkon zum Draschepark,"Wien, 04. Bezirk, Wieden",1040,900,2,55,Wien,Wien,0.79,6,Wohnung,2025-11-03T08:11:00Z,900.0,Rainergasse
1417650314,Traumhafte 3 Zimmerwohnung mit südwest-seitigem Balkon im Arsenal!,"Wien, 03. Bezirk, Landstraße",1030,1350,3,74,Wien,Wien,1.0,5,Wohnung,2025-11-03T08:05:00Z,1350.0,Arsenal 11a
1117379486,Weltstadt-Flair mit Donau-Panorama! DC-FLATS:ERSTBEZUG!!,"Wien, 22. Bezirk, Donaustadt",1220,1110,2,45,Wien,Wien,N/A,10,Wohnung,2025-11-03T08:05:00Z,1110.0,N/A
1188654653,1 Zimmer Gemeindewohnung in Wien 10 Bezirk,"Wien, 10. Bezirk, Favoriten",1100,401,0,39,Wien,Wien,0.79,N/A,Wohnung,2025-11-03T07:23:00Z,401.0,Kudlichgasse
1483561615,"Kleine, gemütliche Terrassenmietwohnung in Döbling","Wien, 19. Bezirk, Döbling",1190,920,1,47,Wien,Wien,N/A,4,Wohnung,2025-11-03T07:12:00Z,920.0,N/A
1386598430,Moderne möblierte 1-Zimmerwohnung im Herzen von Wien - klein aber fein! Miete - All Inclusive!,"Wien, 01. Bezirk, Innere Stadt",1010,1390,1,35,Wien,Wien,N/A,3,Wohnung,2025-11-03T07:11:00Z,1390.0,N/A
935885567,RESIDENZ AM STADTRAND zum Mieten,"Wien, 14. Bezirk, Penzing",1140,1300.2,3,60,Wien,Wien,1.0,N/A,Wohnung,2025-11-03T07:09:00Z,1300.2,Bahnstraße 2F
1078361100,"Geräumige Wohnung in Ruhelage in 1190 Wien - Einbauküche, Klimaanlagen und zwei Balkon inklusive. - WOHNTRAUM","Wien, 19. Bezirk, Döbling",1190,2669.69,4,99,Wien,Wien,1.0,2,Wohnung,2025-11-03T06:55:00Z,2669.69,Kaasgrabengasse 6
1996693213,"Wohnung in 60er-Jahre-Villa (2 große Terrassen, klimatisiert)","Wien, 19. Bezirk, Döbling",1190,2300,4,130,Wien,Wien,N/A,1,Wohnung,2025-11-03T06:29:00Z,2300.0,N/A
1814318703,ERSTBEZUG Top Wohnung U3 2 Zimmer + Loggia - 1 bedroom apartment + loggia U3,"Wien, 11. Bezirk, Simmering",1110,944.9,2,47,Wien,Wien,N/A,2,Wohnung,2025-11-03T06:10:00Z,944.9,N/A
1584751351,Wünderschöne renovierte Altbauwohnung nahe der Karlskirche,"Wien, 04. Bezirk, Wieden",1040,2299.99,3,121,Wien,Wien,N/A,N/A,Wohnung,2025-11-03T04:10:00Z,2299.99,N/A
1730341843,ERSTBEZUG: Loggia-Wohnung mit Grünblick | nahe Türkenschanzpark / BOKU | HOFRUHELAGE,"Wien, 18. Bezirk, Währing",1180,1100.72,1,54,Wien,Wien,1.0,1,Wohnung,2025-11-03T03:46:00Z,1100.72,N/A
1316165746,## UBAHN NÄHE - 2 Zimmer - Rösslergasse 9 ##,"Wien, 23. Bezirk, Liesing",1230,999.68,2,55,Wien,Wien,1.0,N/A,Wohnung,2025-11-03T03:41:00Z,999.68,Rößlergasse
1815693650,VOLLMÖBLIERTE 3-Zimmer zentral beim Hauptbahnhof!!,"Wien, 10. Bezirk, Favoriten",1100,1550,3,74,Wien,Wien,1.0,1,Wohnung,2025-11-03T03:28:00Z,1550.0,Hlawkagasse
869777745,Ruhige 133m² Altbauwohnung mit 5 Zimmern in Innenhoflage - unbefristet,"Wien, 05. Bezirk, Margareten",1050,2157.45,5,133,Wien,Wien,1.0,2,Wohnung,2025-11-03T03:27:00Z,2157.45,N/A
940153193,"Neu, hell, ruhig, perfekt gelegen - Willkommen im 18. Bezirk! Ein MUST HAVE in ruhiger Seitengasse! Frisch saniert + Neue Einbauküche + Garagenplatz inklusive + Tolle Infrastruktur und Anbindung! Je","Wien, 18. Bezirk, Währing",1180,1304.83,2,55,Wien,Wien,1.0,1,Wohnung,2025-11-03T03:17:00Z,1304.83,Mitterberggasse
1695437474,Helle Drei-Zimmer-Wohnung mit Balkon * 6 Min zur U-Bahn/Wasserpark * Sofort beziehbar!,"Wien, 21. Bezirk, Floridsdorf",1210,1283.73,0,62,Wien,Wien,1.0,3,Wohnung,2025-11-03T03:13:00Z,1283.73,N/A
1845987716,Erstbezug nach Generalsanierung: Ruhige 2-Zimmer-Wohnung mit Weitblick - VIDEO verfügbar!,"Wien, 07. Bezirk, Neubau",1070,1394,2,68,Wien,Wien,1.0,6,Wohnung,2025-11-03T02:37:00Z,1394.0,Neustiftgasse 66
1541873678,MÖBLIERTER ERSTBEZUG,"Wien, 19. Bezirk, Döbling",1190,1320,1,40,Wien,Wien,N/A,N/A,Wohnung,2025-11-03T02:23:00Z,1320.0,N/A
930188526,BEZUGSFERTIGER ERSTBEZUG,"Wien, 19. Bezirk, Döbling",1190,1485,3,70,Wien,Wien,N/A,N/A,Wohnung,2025-11-03T02:23:00Z,1485.0,N/A
1090786354,STILVOLLER ERSTBEZUG,"Wien, 19. Bezirk, Döbling",1190,1485,3,70,Wien,Wien,N/A,N/A,Wohnung,2025-11-03T02:23:00Z,1485.0,N/A
1281919438,ERSTBEZUG,"Wien, 19. Bezirk, Döbling",1190,1485,3,70,Wien,Wien,N/A,N/A,Wohnung,2025-11-03T02:23:00Z,1485.0,N/A
1508606207,STILVOLLER ERSTBEZUG,"Wien, 19. Bezirk, Döbling",1190,1485,3,70,Wien,Wien,N/A,N/A,Wohnung,2025-11-03T02:23:00Z,1485.0,N/A
1921307448,STILVOLLER ERSTBEZUG,"Wien, 19. Bezirk, Döbling",1190,1485,3,70,Wien,Wien,N/A,N/A,Wohnung,2025-11-03T02:23:00Z,1485.0,N/A
1296835600,HOCHWERTIGER ERSTBEZUG MIT LIFT,"Wien, 19. Bezirk, Döbling",1190,1969,3,95,Wien,Wien,N/A,2,Wohnung,2025-11-03T02:23:00Z,1969.0,N/A
1296435792,MÖBLIERTER ERSTBEZUG,"Wien, 19. Bezirk, Döbling",1190,1210,1,30,Wien,Wien,N/A,N/A,Wohnung,2025-11-03T02:23:00Z,1210.0,N/A
787501189,MÖBLIERTER ERSTBEZUG,"Wien, 19. Bezirk, Döbling",1190,1430,1,70,Wien,Wien,N/A,N/A,Wohnung,2025-11-03T02:23:00Z,1430.0,N/A
1560673601,MÖBLIERTER ERSTBEZUG,"Wien, 19. Bezirk, Döbling",1190,1430,2,50,Wien,Wien,N/A,N/A,Wohnung,2025-11-03T02:23:00Z,1430.0,N/A
974587023,TOP ERSTBEZUG,"Wien, 19. Bezirk, Döbling",1190,1485,3,70,Wien,Wien,N/A,N/A,Wohnung,2025-11-03T02:23:00Z,1485.0,N/A
2058246756,STILVOLLER ERSTBEZUG,"Wien, 19. Bezirk, Döbling",1190,1485,3,70,Wien,Wien,N/A,N/A,Wohnung,2025-11-03T02:23:00Z,1485.0,N/A
906886358,ERSTBEZUG MIT LIFT,"Wien, 19. Bezirk, Döbling",1190,1639,3,70,Wien,Wien,N/A,2,Wohnung,2025-11-03T02:23:00Z,1639.0,N/A
1290550855,STILVOLLER ERSTBEZUG,"Wien, 19. Bezirk, Döbling",1190,1485,3,70,Wien,Wien,N/A,N/A,Wohnung,2025-11-03T02:23:00Z,1485.0,N/A
1684060361,"Sonnige, ruhige Wohnung in Döbling, Nähe Gatterburggasse","Wien, 19. Bezirk, Döbling",1190,767.05,1,47,Wien,Wien,N/A,3,Wohnung,2025-11-03T01:02:00Z,767.05,N/A
1196990397,Top 2-Zimmer-Wohnung (45 m²) im 2. OG - WG-tauglich - Top-Lage beim Sonnwendviertel,"Wien, 10. Bezirk, Favoriten",1100,890,2,45,Wien,Wien,0.79,2,Wohnung,2025-11-02T22:44:00Z,890.0,Gellertgasse
1761922999,Gelegenheit: Charmante Wohnung im 8. Bezirk (inkl. Garagenplatz),"Wien, 08. Bezirk, Josefstadt",1080,1400,3,73,Wien,Wien,N/A,2,Wohnung,2025-11-02T22:42:00Z,1400.0,N/A
1098329261,++NEW++ Prime location: Stylish 3-room maisonette with large terrace - first occupancy!,"Wien, 06. Bezirk, Mariahilf",1060,1975,3,64,Wien,Wien,1.0,4,Wohnung,2025-11-02T21:55:00Z,1975.0,Mollardgasse 50
1461744948,++NEW++ Exclusive first occupancy: Modern 2-room flat with loggia on the 3rd floor - Mollardgasse 50,"Wien, 06. Bezirk, Mariahilf",1060,1425,2,50,Wien,Wien,1.0,3,Wohnung,2025-11-02T21:54:00Z,1425.0,Mollardgasse 50
1908167071,++NEW++ New build: Spacious 3-room flat with balcony on the 2nd floor - first occupancy - mollard50,"Wien, 06. Bezirk, Mariahilf",1060,2025,3,71,Wien,Wien,1.0,2,Wohnung,2025-11-02T21:52:00Z,2025.0,Mollardgasse 50
863834979,++NEW++ Exclusive first occupancy: 3-room flat with balcony on the 1st floor - Mollardgasse 50,"Wien, 06. Bezirk, Mariahilf",1060,1975,3,71,Wien,Wien,1.0,1,Wohnung,2025-11-02T21:50:00Z,1975.0,Mollardgasse 50
793641778,++NEW++ First occupancy: Bright 3-room flat with terrace on the 4th floor - Mollardgasse 50,"Wien, 06. Bezirk, Mariahilf",1060,2075,3,67,Wien,Wien,1.0,4,Wohnung,2025-11-02T21:49:00Z,2075.0,Mollardgasse 50
2114815100,TRAUMHAFTE NEUBAUWOHNUNG IN GRÜN-RUHELAGE | HELLE 4 ZIMMER MIT BALKON | TOPLAGE,"Wien, 19. Bezirk, Döbling",1190,2512,4,126,Wien,Wien,N/A,1.OG,Wohnung,2025-11-02T21:37:00Z,2512.0,N/A
1793867341,Serviced Apartment mit Balkon in Oberlaa! All inclusive!,"Wien, 10. Bezirk, Favoriten",1100,1033,1,34,Wien,Wien,1.0,5,Wohnung,2025-11-02T21:33:00Z,1033.0,Kurbadstraße 8
1358535983,Serviced Apartment mit Balkon in Oberlaa! All inclusive!,"Wien, 10. Bezirk, Favoriten",1100,1035,1,34,Wien,Wien,1.0,4,Wohnung,2025-11-02T21:33:00Z,1035.0,Kurbadstraße 8
1329137516,"QUELLENPLATZ/ WG-EIGNUNG/ U-BAHN: 76m2 Altbaumiete, 2 getrennte Zimmer, Einbauküche, Gesamtmiete 950,--","Wien, 10. Bezirk, Favoriten",1100,950,2,76,Wien,Wien,N/A,1,Wohnung,2025-11-02T21:31:00Z,950.0,N/A
1609255125,"NASCHMARKT/WG-EIGNUNG! Unbefristete 71 m2 Stilaltbaumiete, 2 getrennte Zimmer, Top-Einbauküche, Gesamtmiete EUR 1.250,--","Wien, 06. Bezirk, Mariahilf",1060,1250,2,71,Wien,Wien,1.0,5,Wohnung,2025-11-02T21:27:00Z,1250.0,Gumpendorfer Straße
843813647,"U3-OTTAKRING/PARKBLICK: TOPSANIERTE, UNBEFRISTETE STILALTBAUMIETE: Wohnzimmer, Schlafkabinett, Einbauküche, Fliesenbad, Gesamtmiete 890,--","Wien, 16. Bezirk, Ottakring",1160,890,2,51,Wien,Wien,N/A,2,Wohnung,2025-11-02T21:26:00Z,890.0,N/A
1509302577,Nachmieter wird gesucht für Genossenschaftswohnung,"Wien, 21. Bezirk, Floridsdorf",1210,882,3,88,Wien,Wien,0.79,2,Wohnung,2025-11-02T21:02:00Z,882.0,Trillergasse
1771215350,"(reserviert) Charmante Altbauwohnung mit Balkon - ideal für Paare, kleine Familien oder als WG","Wien, 16. Bezirk, Ottakring",1160,1099,3,67,Wien,Wien,N/A,N/A,Wohnung,2025-11-02T20:51:00Z,1099.0,N/A
894585256,FAMILIENGLÜCK IM 7. - HOCHWERTIG SANIERTE 5-ZIMMER-WOHNUNG MIT BALKON IM 5. LIFTSTOCK,"Wien, 07. Bezirk, Neubau",1070,2790,5,127,Wien,Wien,1.0,5,Wohnung,2025-11-02T20:38:00Z,2790.0,N/A
1925782674,Wunderschöne 2-Zimmer Neubauwohnung in Bahnhofsnähe,"Wien, 14. Bezirk, Penzing",1140,825,2,42,Wien,Wien,1.0,2,Wohnung,2025-11-02T20:34:00Z,825.0,Matznergasse
1918906479,Sonnige 2-Zimmer Neubauwohnung Nähe U4 Längenfeldgasse,"Wien, 15. Bezirk, Rudolfsheim-Fünfhaus",1150,999,2,59,Wien,Wien,1.0,4,Wohnung,2025-11-02T20:34:00Z,999.0,Arnsteingasse
1980845793,"Heizung, Strom, Internet+TV & Fitness inklusive! Serviced Apartment im TABA Tower!","Wien, 10. Bezirk, Favoriten",1100,1017,1,32,Wien,Wien,1.0,5,Wohnung,2025-11-02T20:34:00Z,1017.0,Kurbadstraße 8
1628562696,Außergewöhnliche Terrassenwohnung Nähe AKH!,"Wien, 09. Bezirk, Alsergrund",1090,2990,0,137,Wien,Wien,1.0,4,Wohnung,2025-11-02T20:34:00Z,2990.0,Severingasse
1380878662,Neben alter WU | Zwei-Zimmer-Wohnung mit separater Küche im 4. Liftstock,"Wien, 09. Bezirk, Alsergrund",1090,999,0,58,Wien,Wien,1.0,4,Wohnung,2025-11-02T20:31:00Z,999.0,N/A
1359928858,Großzügige 3-Zimmer-Wohnung mit Balkon und Fernblick in optimaler Lage,"Wien, 23. Bezirk, Liesing",1230,1350,3,82,Wien,Wien,N/A,3,Wohnung,2025-11-02T19:41:00Z,1350.0,N/A
1506841559,Viel Platz mit großem Balkon für die ganze Familie - Nähe Kirchenplatz Atzgersdorf.,"Wien, 23. Bezirk, Liesing",1230,1489,3,78,Wien,Wien,1.0,1,Wohnung,2025-11-02T19:35:00Z,1489.0,N/A
2034934299,Generalsanierter Designer-Altbau-Erstbezug mit zentralbegehbaren Zimmern und Terrasse im Stilhaus nächst Stadtpark und Rochusmarkt,"Wien, 03. Bezirk, Landstraße",1030,2849.46,4,132,Wien,Wien,1.0,2,Wohnung,2025-11-02T19:32:00Z,2849.46,N/A
1032906986,++NEU++ Unique 3-room apartment in the very heart of the city (1/24),"Wien, 06. Bezirk, Mariahilf",1060,1874.99,3,57,Wien,Wien,1.0,5,Wohnung,2025-11-02T18:55:00Z,1874.99,N/A
1012255092,"Pärchenhit, 74m², Wohnung mit Ausblick im 2. Bezirk","Wien, 02. Bezirk, Leopoldstadt",1020,1400,3,74,Wien,Wien,0.79,8,Wohnung,2025-11-02T18:46:00Z,1400.0,Vorgartenstrasse
1461100594,"Perfekt für WG's: Erstbezug 4,5-Zimmer Wohnung mit moderner Ausstattung nähe U3 Ottakring","Wien, 16. Bezirk, Ottakring",1160,2100,4,91,Wien,Wien,1.0,2,Wohnung,2025-11-02T18:28:00Z,2100.0,Maroltingergasse 52
1505442760,"Wohnglück in TOP Lage (Sonnwendviertel) - 4 Zimmer, 2 Bäder, Balkon","Wien, 10. Bezirk, Favoriten",1100,1400,4,76,Wien,Wien,N/A,8,Wohnung,2025-11-02T18:24:00Z,1400.0,N/A
1561930084,"Nähe Margaretenplatz! 70m² Neubaumiete, 2 getrennte Zimmer, Wannenbad, Einbauküche, Gesamtmiete EUR 1.150,--","Wien, 04. Bezirk, Wieden",1040,1150,2,70,Wien,Wien,1.0,6,Wohnung,2025-11-02T18:22:00Z,1150.0,Phorusgasse 10
1743321644,Helle 3 Zimmer Wohnung mit Loggia in 1030 Wien,"Wien, 03. Bezirk, Landstraße",1030,1212.61,3,70,Wien,Wien,0.79,3.5,Wohnung,2025-11-02T18:11:00Z,1212.61,Hofmannsthalgasse
2084735102,RESIDENZ AM STADTRAND zum Mieten,"Wien, 14. Bezirk, Penzing",1140,1981.26,3,90,Wien,Wien,1.0,N/A,Wohnung,2025-11-02T18:11:00Z,1981.26,Bahnstraße 2F
890629443,Kleine Perle im ultramodernen Wohnhaus mit Pool am Dach zu mieten // Small gem in an ultra-modern apartm. building with pool on the roof for rent //,"Wien, 02. Bezirk, Leopoldstadt",1020,1678.89,2,55,Wien,Wien,1.0,6,Wohnung,2025-11-02T17:36:00Z,1678.89,N/A
970745764,"2-Zimmer-Wohnung mit Balkon und Wintergarten, sowie ein opt. Stellplatz und optionaler Möblierung!","Wien, 14. Bezirk, Penzing",1140,1390,2,57,Wien,Wien,1.0,3,Wohnung,2025-11-02T17:31:00Z,1390.0,N/A
1110761641,"BUCHENGASSE, U1-NÄHE, 57 m2 Neubau mit 10 m2 Terrasse, 2 Zimmer, Komplettküche, Wannenbad, Parketten, 1. Liftstock","Wien, 10. Bezirk, Favoriten",1100,866.73,2,57,Wien,Wien,1.0,1,Wohnung,2025-11-02T17:25:00Z,866.73,Buchengasse
1128151955,"HOLBEINGASSE, 68 m2 Altbau, Wohnküche, 2 Zimmer, WG-geeignet, Komplettküche, Wannenbad, Parketten, 4. Liftstock","Wien, 10. Bezirk, Favoriten",1100,1004.6,3,68,Wien,Wien,1.0,4,Wohnung,2025-11-02T17:04:00Z,1004.6,Holbeingasse
1685403667,"Wunderschöne, moderne 2 Zimmer Wohnung in Ruhelage, TOP-Gegend im 19. Bezirk, neuwertiger Zustand, provisionsfrei","Wien, 19. Bezirk, Döbling",1190,1130,2,55,Wien,Wien,0.79,1,Wohnung,2025-11-02T17:03:00Z,1130.0,Gatterburggasse
1664847273,Gut geschnittene Kleinwohnung in U-Bahn-Nähe (U4/U6 Längenfeldgasse),"Wien, 12. Bezirk, Meidling",1120,798.35,1,42,Wien,Wien,1.0,1,Wohnung,2025-11-02T16:54:00Z,798.35,N/A
1392101293,1 Zimmer Apartment,"Wien, 14. Bezirk, Penzing",1140,725,1,32,Wien,Wien,1.0,1,Wohnung,2025-11-02T16:52:00Z,725.0,Goldschlagstraße 132
1314772989,"Moderne, lichtdurchflutete 5-Zimmer-Wohnung mit großem Balkon in Toplage!","Wien, 19. Bezirk, Döbling",1190,3725,5,170,Wien,Wien,1.0,3,Wohnung,2025-11-02T16:35:00Z,3725.0,N/A
1403784887,"Moderne, geräumige 1-Zimmerwohnung, Nähe Reumannplatz","Wien, 10. Bezirk, Favoriten",1100,590,1,32,Wien,Wien,1.0,4,Wohnung,2025-11-02T16:35:00Z,590.0,Waldgasse 47
2013444736,"Geräumige 4 Zimmer Wohnung, inkl. Terrasse und Garagenplatz","Wien, 19. Bezirk, Döbling",1190,2980,4,134,Wien,Wien,1.0,2,Wohnung,2025-11-02T16:34:00Z,2980.0,N/A
1177987177,DIE ZIMMEREI | Möblierte 2-Zimmer Wohnung an der WU & SFU 2. Bezirk / furnished apartment | XL Bude,"Wien, 02. Bezirk, Leopoldstadt",1020,708,2,46,Wien,Wien,1.0,3,Wohnung,2025-11-02T16:25:00Z,708.0,Vorgartenstraße 204
2134859898,2 Zi-Terrassentraum | Top-Anbindung,"Wien, 22. Bezirk, Donaustadt",1220,949,0,44,Wien,Wien,1.0,2,Wohnung,2025-11-02T16:24:00Z,949.0,N/A
1227704944,Komplett ausgestattet,"Wien, 19. Bezirk, Döbling",1190,299000,2,60,Wien,Wien,1.0,1,Wohnung,2025-11-02T16:23:00Z,299000.0,Gunoldstrasse 8
1501392382,Moderne Wohnung Seestadt mit Klimaanlage,"Wien, 22. Bezirk, Donaustadt",1220,1090,2,67,Wien,Wien,1.0,N/A,Wohnung,2025-11-02T16:15:00Z,1090.0,"Gisela-Legath-Gasse 2, Seestadt"
1145989018,U2 Aspernstraße - gemütliche Balkonwohnung,"Wien, 22. Bezirk, Donaustadt",1220,949,2,46,Wien,Wien,0.79,3,Wohnung,2025-11-02T16:02:00Z,949.0,Aspernstraße
933590933,"Ideale tolle Single Wohnung Nähe Yppenmarkt, 2 Zimmer","Wien, 17. Bezirk, Hernals",1170,670,2,40,Wien,Wien,1.0,1,Wohnung,2025-11-02T15:54:00Z,670.0,Helblinggasse 6
786636717,2-Zimmerwohnung NUR MIT VORMERKSCHEIN!,"Wien, 11. Bezirk, Simmering",1110,480.9,2,44,Wien,Wien,N/A,2,Wohnung,2025-11-02T15:42:00Z,480.9,1110
1255254002,Gemütlich Wohnen - Neuwertige 2-Zimmer Wohnung nahe Kagraner Platz,"Wien, 22. Bezirk, Donaustadt",1220,949,2,45,Wien,Wien,1.0,2,Wohnung,2025-11-02T15:35:00Z,949.0,Bertha-von-Suttner-Gasse 10A
1558750664,Komplett neu renovierte Wohnung in Ober St-Veit,"Wien, 13. Bezirk, Hietzing",1130,1290,2,75,Wien,Wien,1.0,1,Wohnung,2025-11-02T15:29:00Z,1290.0,Sommerergasse / Top 7
2139311647,"Satzberggasse 16, 1BD","Wien, 14. Bezirk, Penzing",1140,1360,2,32,Wien,Wien,1.0,N/A,Wohnung,2025-11-02T15:25:00Z,1360.0,Satzberggasse 16
1556301272,Wohnen & Arbeiten über den Dächern Wiens - 3 Zimmer beim Stephansplatz,"Wien, 01. Bezirk, Innere Stadt",1010,2216,3,84,Wien,Wien,0.79,N/A,Wohnung,2025-11-02T15:00:00Z,2216.0,Goldschmiedgasse
956205727,"Wienerbergstraße 11, 1BD, Elevator","Wien, 10. Bezirk, Favoriten",1100,1793,1,32,Wien,Wien,1.0,3,Wohnung,2025-11-02T14:57:00Z,1793.0,Wienerbergstraße 11
1259854860,Schöne 2-Zimmer Wohnung direkt am Naschmarkt (U4 Kettenbrückengasse),"Wien, 05. Bezirk, Margareten",1050,930,2,61,Wien,Wien,0.79,4,Wohnung,2025-11-02T14:55:00Z,930.0,Rechte Wienzeile
926094428,Exklusiver Erstbezug im Village im Dritten - 42 m² Wohnkomfort + 8 m² Balkon,"Wien, 03. Bezirk, Landstraße",1030,1087,2,42,Wien,Wien,N/A,5,Wohnung,2025-11-02T14:52:00Z,1087.0,Elizabeth-T.-Spira-Promenade 4
1432363587,"Wunderschöne, voll möblierte 2-Zimmer-Wohnung mit 2 Balkonen & Klimaanlage - Nähe Westbahnhof","Wien, 15. Bezirk, Rudolfsheim-Fünfhaus",1150,1350,2,58,Wien,Wien,0.79,N/A,Wohnung,2025-11-02T14:42:00Z,1350.0,Tannengasse
1958741702,Bei Schönbrunn-U4: Gemütliche 2 Zi in ruhiger Lage!,"Wien, 12. Bezirk, Meidling",1120,1314.54,2,84,Wien,Wien,1.0,2,Wohnung,2025-11-02T14:34:00Z,1314.54,Bischoffgasse
1964194537,47m2 apartment in 1030 Wien,"Wien, 03. Bezirk, Landstraße",1030,990,2,47,Wien,Wien,N/A,4,Wohnung,2025-11-02T14:29:00Z,990.0,N/A
1558695972,"Wienerbergstraße 11, 1BD, Elevator","Wien, 10. Bezirk, Favoriten",1100,1972,1,32,Wien,Wien,1.0,11,Wohnung,2025-11-02T14:27:00Z,1972.0,Wienerbergstraße 11
1144539909,"Wohnung 60 m2, Seyringer Str 5, auf Dauer von 3J. zu vermieten","Wien, 21. Bezirk, Floridsdorf",1210,900,2,60,Wien,Wien,1.0,N/A,Wohnung,2025-11-02T14:24:00Z,900.0,Seyringer Straße 5
1496541954,"Gemeindewohnung - 1 Zimmer, NUR MIT Vormerkschein Bis 31.07.25","Wien, 21. Bezirk, Floridsdorf",1210,280,1,28,Wien,Wien,1.0,N/A,Wohnung,2025-11-02T14:11:00Z,280.0,Lamarckgasse 2
1110743904,Wohnungsvermietung,"Wien, 10. Bezirk, Favoriten",1100,900,1,47,Wien,Wien,0.79,2,Wohnung,2025-11-02T14:07:00Z,900.0,laxenburgerstrasse
1914718998,"Helle 3-Zimmer-Wohnung mit Balkon in 1080 Wien - Jetzt mieten für 1.729,00 EUR!","Wien, 08. Bezirk, Josefstadt",1080,1729,3,74,Wien,Wien,1.0,3,Wohnung,2025-11-02T14:05:00Z,1729.0,N/A
1587320218,"Mietwohnung - Triiiple Turm 2, inkl. Betriebskosten","Wien, 03. Bezirk, Landstraße",1030,1050,2,42,Wien,Wien,1.0,2,Wohnung,2025-11-02T13:58:00Z,1050.0,Schnirchgasse 13
1344113957,2-Zi mit großer Terrasse,"Wien, 22. Bezirk, Donaustadt",1220,960,2,41,Wien,Wien,1.0,3,Wohnung,2025-11-02T13:32:00Z,960.0,Hausfeldstraße 105
1802967479,Vollmöblierte Apartments mit All-In Miete in Nähe U2 Donaustadtbrücke,"Wien, 22. Bezirk, Donaustadt",1220,1199,2,43,Wien,Wien,1.0,N/A,Wohnung,2025-11-02T13:30:00Z,1199.0,Kaisermühlenstraße 12
1697034807,"4-Zimmer-Wohnung/ Büro - Innenstadtbestlage - Annagasse, 1. Bezirk","Wien, 01. Bezirk, Innere Stadt",1010,3070,4,134,Wien,Wien,0.79,2,Wohnung,2025-11-02T13:28:00Z,3070.0,Annagasse
853737059,(reserviert) Helle Wohnung mit Loggia & Kühlung - Nähe Donauinsel & Millennium City,"Wien, 20. Bezirk, Brigittenau",1200,942.22,2,47,Wien,Wien,1.0,6,Wohnung,2025-11-02T13:17:00Z,942.22,Meldemannstraße 12
1745939426,GEMEINDEWOHNUNG IN 1130 WIEN nur mit WIENER WOHNEN TICKET VOR DEM 30.09.2025,"Wien, 13. Bezirk, Hietzing",1130,566.61,2,51,Wien,Wien,1.0,2,Wohnung,2025-11-02T13:14:00Z,566.61,Waldvogelstraße 2-8
1793076046,Urban Luxury Living über der Donau DC Flats!,"Wien, 22. Bezirk, Donaustadt",1220,945,2,46,Wien,Wien,N/A,8,Wohnung,2025-11-02T13:07:00Z,945.0,N/A
1368852512,Mit Blick ins Grüne - Großzügiger Erstbezug nach Sanierung - Luftige 4-Zimmer Wohnung in Hernals,"Wien, 17. Bezirk, Hernals",1170,1899,4,107,Wien,Wien,1.0,3,Wohnung,2025-11-02T13:05:00Z,1899.0,Dittersdorfgasse 8
2114526987,Helle 2-Zimmer-Wohnung mit Balkon beim Kirschblütenpark - Nachmieter ab 01.12.2025 gesucht,"Wien, 22. Bezirk, Donaustadt",1220,840,2,37,Wien,Wien,1.0,1,Wohnung,2025-11-02T12:56:00Z,840.0,Bonsaigasse 3
1391270152,Hochhaus Grünblick: Erstbezug 15.OG | U2 | XL-Balkon,"Wien, 02. Bezirk, Leopoldstadt",1020,2100,2,55,Wien,Wien,1.0,15,Wohnung,2025-11-02T12:54:00Z,2100.0,Meiereistraße
1723346331,3 Zimmer Wohnung Neubau - WG geeignet/ Nähe WU,"Wien, 02. Bezirk, Leopoldstadt",1020,1600,3,98,Wien,Wien,0.79,2,Wohnung,2025-11-02T12:18:00Z,1600.0,Wehlistraße
1145436142,Schöne 1-Zimmer-Wohnung mit Balkon im 7.Bezirk!,"Wien, 07. Bezirk, Neubau",1070,821.1,1,30,Wien,Wien,1.0,4,Wohnung,2025-11-02T12:13:00Z,821.1,Zollergasse 17
1860607664,Tolle Lage Hbf - U1 - helle Neubauwohnung,"Wien, 10. Bezirk, Favoriten",1100,895,2,42,Wien,Wien,0.79,5,Wohnung,2025-11-02T12:12:00Z,895.0,Raaber-Bahn-Gasse
1872132194,"(reserviert) 3 Zimmer-Wohnung mit Balkon, Nähe Kagraner Platz, und VetMed, WG-geeignet","Wien, 22. Bezirk, Donaustadt",1220,1143.97,3,57,Wien,Wien,N/A,6,Wohnung,2025-11-02T12:03:00Z,1143.97,N/A
1848825766,"ERSTBEZUG, Premium Ausstattung, 2min zur U-Bahn","Wien, 06. Bezirk, Mariahilf",1060,1565,3,62,Wien,Wien,N/A,1.5,Wohnung,2025-11-02T11:55:00Z,1565.0,N/A
2080501831,Gellertplatz - Erstbezüge in U-Bahn Nähe - Balkone optional,"Wien, 10. Bezirk, Favoriten",1100,2259.99,4,113,Wien,Wien,1.0,N/A,Wohnung,2025-11-02T11:55:00Z,2259.99,Gellertgasse 22
1710746813,Gellertplatz - Erstbezüge in U-Bahn Nähe - Balkone optional,"Wien, 10. Bezirk, Favoriten",1100,1140,2,57,Wien,Wien,1.0,1,Wohnung,2025-11-02T11:55:00Z,1140.0,Gellertgasse 22
1950446379,"Schöne, helle und preiswerte 58,5 m2 Wohnung mit herrlicher Aussicht auf den Bisamberg, Mitbenutzung des Schwimmbeckens, Sauna, etc. weiterzugeben","Wien, 21. Bezirk, Floridsdorf",1210,588,2,58,Wien,Wien,1.0,6,Wohnung,2025-11-02T11:39:00Z,588.0,Berzeliusgasse 14/46/39
1329862055,Gellertplatz - Erstbezüge in U-Bahn Nähe - Balkone optional,"Wien, 10. Bezirk, Favoriten",1100,1800,3,90,Wien,Wien,1.0,N/A,Wohnung,2025-11-02T11:35:00Z,1800.0,Gellertgasse 22
1531008989,"Helle 1,5-Zimmer-Wohnung in 1150 Wien","Wien, 15. Bezirk, Rudolfsheim-Fünfhaus",1150,624.25,1,42,Wien,Wien,1.0,3,Wohnung,2025-11-02T11:22:00Z,624.25,Johnstraße 15
1154891344,International am Wasser - Stadtkomfort trifft Wasserlage,"Wien, 21. Bezirk, Floridsdorf",1210,2200,3,73,Wien,Wien,1.0,0,Wohnung,2025-11-02T11:15:00Z,2200.0,Arbeiterstrandbadstraße
1961176268,Top-Lage im Herzen Wiens: provisionsfreie Neubauwohnung mit Balkon am Donaukanal,"Wien, 01. Bezirk, Innere Stadt",1010,1869.57,3,78,Wien,Wien,0.79,4,Wohnung,2025-11-02T11:11:00Z,1869.57,Salztorgasse
1829699304,Atelierfeeling am Wilhelminenberg: Wohnen mit Stil,"Wien, 16. Bezirk, Ottakring",1160,1130,2,58,Wien,Wien,1.0,N/A,Wohnung,2025-11-02T10:34:00Z,1130.0,Degengasse
864755717,WIENER WOHNTICKET vor 30.09.25 - Ruhige 2-Zimmer Wohnung mit Balkon im 13. Bezirk,"Wien, 13. Bezirk, Hietzing",1130,452,2,46,Wien,Wien,1.0,1,Wohnung,2025-11-02T10:20:00Z,452.0,Veitingergasse 129-135
950240182,"2-Zimmer Wohnung, U-Bahnstation Kardinal-Nagl-Platz, privat und provisionsfrei","Wien, 03. Bezirk, Landstraße",1030,1424.94,2,50,Wien,Wien,1.0,2,Wohnung,2025-11-02T10:17:00Z,1424.94,Lustgasse 16
1763056407,"Traumlage vis-à-vis UNO-City im Business District | Wohnung mit Loggia - alles neu: Bad, Küche, Böden!","Wien, 22. Bezirk, Donaustadt",1220,1480,2,64,Wien,Wien,1.0,9,Wohnung,2025-11-02T10:11:00Z,1480.0,Leonard Bernsteinstraße 4-6
2144646601,"Lebensgefühl Sievering! Dachgeschoss Terrassen Wohnung mit Stil, Charme und Charakter - Bestlage 19. Bezirk","Wien, 19. Bezirk, Döbling",1190,3349.5,3,164,Wien,Wien,1.0,DG,Wohnung,2025-11-02T10:11:00Z,3349.5,N/A
2066097261,Moderne 3-Zimmer-Wohnung mit Loggia in 1180 Wien - Ihr neues Zuhause wartet!,"Wien, 18. Bezirk, Währing",1180,2450,3,62,Wien,Wien,1.0,1,Wohnung,2025-11-02T10:05:00Z,2450.0,N/A
1898810460,++FonteFlats++ Großartiger 2-Zimmer Neubau-ERSTBEZUG mit Balkon!,"Wien, 10. Bezirk, Favoriten",1100,1149,2,53,Wien,Wien,1.0,4,Wohnung,2025-11-02T10:05:00Z,1149.0,N/A
1629914941,Terrassenmiete am Lainzer Tiergarten - barrierefrei!!,"Wien, 13. Bezirk, Hietzing",1130,1148.38,2,54,Wien,Wien,1.0,N/A,Wohnung,2025-11-02T10:05:00Z,1148.38,N/A
1753874673,++FonteFlats++ Hochwertiger 3-Zimmer Neubau-ERSTBEZUG mit Balkon!,"Wien, 10. Bezirk, Favoriten",1100,2098.99,3,97,Wien,Wien,1.0,N/A,Wohnung,2025-11-02T10:05:00Z,2098.99,N/A
280065662,Wohnung am Sonnwendviertel,"Wien, 10. Bezirk, Favoriten",1100,1100,2,55,Wien,Wien,0.71,5,Wohnung,2025-11-02T10:00:00Z,1100.0,Helmut Zilk Park - Bloch-Bauer-Promenade
2063012370,Moderne 2 Zi Wohnung mit Balkon provisionsfrei - nahe U1,"Wien, 22. Bezirk, Donaustadt",1220,999,2,47,Wien,Wien,1.0,2,Wohnung,2025-11-02T09:56:00Z,999.0,Am langen Felde
1633626043,Moderne 2-Zi -Wohnung (ca. 53 m²) mit Balkon - nahe Millennium City (provisionsfrei),"Wien, 20. Bezirk, Brigittenau",1200,1049,0,54,Wien,Wien,1.0,3,Wohnung,2025-11-02T09:56:00Z,1049.0,Dresdner Straße
843403432,Moderne 2 Zi Wohnung mit Balkon - nahe U1 (provisionsfrei!),"Wien, 22. Bezirk, Donaustadt",1220,949,2,45,Wien,Wien,1.0,2,Wohnung,2025-11-02T09:56:00Z,949.0,Bertha-von-Suttner-Gasse
955301415,Moderne 2 Zi Wohnung mit Balkon - nahe U1 (provisionsfrei!),"Wien, 22. Bezirk, Donaustadt",1220,949,2,44,Wien,Wien,1.0,7,Wohnung,2025-11-02T09:56:00Z,949.0,Bertha-von-Suttner-Gasse
933012686,Moderne 2-Zi -Wohnung mit Balkon - nahe Millennium City (provisionsfrei!),"Wien, 20. Bezirk, Brigittenau",1200,999,1,51,Wien,Wien,1.0,3,Wohnung,2025-11-02T09:56:00Z,999.0,Meldemannstraße
2046895862,Moderne 2 Zi Wohnung mit Balkon - nahe U1 (provisionsfrei!),"Wien, 22. Bezirk, Donaustadt",1220,949,2,46,Wien,Wien,1.0,2,Wohnung,2025-11-02T09:56:00Z,949.0,Bertha-von-Suttner-Gasse
933005075,2-Zimmer Neubau Wohnung mit Balkon!,"Wien, 10. Bezirk, Favoriten",1100,900,2,55,Wien,Wien,1.0,1,Wohnung,2025-11-02T09:54:00Z,900.0,N/A
1969969774,Ruhige Wohnung in Toplage,"Wien, 07. Bezirk, Neubau",1070,904.06,1,31,Wien,Wien,1.0,2,Wohnung,2025-11-02T09:35:00Z,904.06,Schottenfeldgasse 14
1656731927,++FonteFlats++ Hochwertiger 4-Zimmer Neubau-ERSTBEZUG mit toller Terrasse!,"Wien, 10. Bezirk, Favoriten",1100,2189,4,101,Wien,Wien,1.0,4,Wohnung,2025-11-02T09:35:00Z,2189.0,N/A
1670719208,2-Zimmer Wohnung mit Balkon in ruhiger Hoflage bei U3 Kendlerstraße,"Wien, 16. Bezirk, Ottakring",1160,915,2,49,Wien,Wien,1.0,1,Wohnung,2025-11-02T09:34:00Z,915.0,N/A
1936087499,Exklusive 2-Zimmer-Wohnung in Neubau - ab sofort beziehbar!,"Wien, 10. Bezirk, Favoriten",1100,800,2,41,Wien,Wien,1.0,6,Wohnung,2025-11-02T09:24:00Z,800.0,N/A
1868517301,Ruhige 2-Zimmer Wohnung mit Balkon in Nussdorf,"Wien, 19. Bezirk, Döbling",1190,990,2,46,Wien,Wien,0.79,2,Wohnung,2025-11-02T09:16:00Z,990.0,Greinergasse
1916459007,PROVISIONSFREI! 4 Zimmer Wohnung mit Balkon Vollmöbliert! 100m2,"Wien, 21. Bezirk, Floridsdorf",1210,1400,4,100,Wien,Wien,0.79,1,Wohnung,2025-11-02T09:15:00Z,1400.0,Simmelgasse
1704037980,Erstbezug. Zwei-Zimmer-Wohnung mit Balkon - sofort verfügbar - zu mieten in 1170 Wien,"Wien, 17. Bezirk, Hernals",1170,1299,2,62,Wien,Wien,N/A,2,Wohnung,2025-11-02T08:30:00Z,1299.0,N/A
1940855632,ELEGANTE 4-ZIMMERWOHNUNG IN BESTLAGE - ERSTBEZUG NACH RENOVIERUNG!,"Wien, 03. Bezirk, Landstraße",1030,2845.96,4,134,Wien,Wien,1.0,N/A,Wohnung,2025-11-02T07:10:00Z,2845.96,N/A
780292131,"Neubau, Erstbezug, exklusive, helle und ruhige Wohnung, Erstbezug, Süd-Ostausrichtung,1. Stock","Wien, 20. Bezirk, Brigittenau",1200,1248,2,46,Wien,Wien,1.0,1,Wohnung,2025-11-02T06:58:00Z,1248.0,Brigittagasse 15
2062744798,"Bestlage Unter-Sievering! Liebevoll modernisierte, teilmöblierte 2,5-Zimmer-Erstbezug-Wohnung mit Doppelgarage und Gartennutzung","Wien, 19. Bezirk, Döbling",1190,1691.95,2,85,Wien,Wien,1.0,N/A,Wohnung,2025-11-02T04:40:00Z,1691.95,N/A
1187669037,Elegant 5 Room Apt. with Balcony,"Wien, 08. Bezirk, Josefstadt",1080,3600,5,173,Wien,Wien,1.0,3,Wohnung,2025-11-02T03:54:00Z,3600.0,N/A
1106439987,Moderne 2-Zimmer-Wohnung mit Loggia in Wien - Ihr neues Zuhause wartet!,"Wien, 21. Bezirk, Floridsdorf",1210,1199,2,61,Wien,Wien,1.0,4,Wohnung,2025-11-02T03:44:00Z,1199.0,N/A
1503828553,FULLY FURNISHED ROOFTOP APARTMENT WITH AC_Spacious living-dining area & 2 bedrooms,"Wien, 04. Bezirk, Wieden",1040,2948,3,107,Wien,Wien,1.0,N/A,Wohnung,2025-11-02T03:39:00Z,2948.0,N/A
1209649015,Charmante 3-Zimmer Wohnung in Mariahif!,"Wien, 06. Bezirk, Mariahilf",1060,1599,3,70,Wien,Wien,1.0,N/A,Wohnung,2025-11-02T03:34:00Z,1599.0,N/A
957987047,"Erstbezug nach Sanierung: Tolle 4-Zimmer Wohnung mit großem Balkon, TG-Platz anmietbar","Wien, 14. Bezirk, Penzing",1140,1740,4,99,Wien,Wien,1.0,1,Wohnung,2025-11-02T03:30:00Z,1740.0,Waidhausenstraße
2034368251,"**VIDEO** Erstbezug ab sofort - gemütliche 2 Zimmer Dachgeschosswohnung mit Balkon, klimatisiert - Apollogasse 18","Wien, 07. Bezirk, Neubau",1070,1625,2,52,Wien,Wien,1.0,3,Wohnung,2025-11-02T03:30:00Z,1625.0,Apollogasse
1618423767,Projekt APOLLOGASSE18 --- 63 exklusive Wohneinheiten mit Freiflächen (bezugsfertig!),"Wien, 07. Bezirk, Neubau",1070,1625,0,N/A,Wien,Wien,1.0,N/A,N/A,2025-11-02T03:28:00Z,N/A,Apollogasse
1518743472,Neuer Preis! BESTLAGE hinter der Karlskirche! Prunkvolles und prestigträchtiges Altbauhaus! WG geeignete Mietwohnung im letzten Liftstock + Beste Infrastruktur und Anbindung!,"Wien, 04. Bezirk, Wieden",1040,3249.8,4,144,Wien,Wien,1.0,6,Wohnung,2025-11-02T03:27:00Z,3249.8,Maderstraße
1326461007,2-Zimmer-Wohnung mit Balkon - Nachmieter gesucht ab 01.01.2026 (1100 Wien),"Wien, 10. Bezirk, Favoriten",1100,950,2,56,Wien,Wien,1.0,5,Wohnung,2025-11-01T23:40:00Z,950.0,Raxstraße 2-4
1336274364,Stilvoll renovierte Altbauwohnung in perfekter Lage,"Wien, 04. Bezirk, Wieden",1040,1298,2,72,Wien,Wien,0.79,1. Stock,Wohnung,2025-11-01T23:38:00Z,1298.0,Wiedner Hauptstraße
1021562967,"provisionsfrei, U-Bahn nah, 3 Gehmin, 210 Meter von U4 Station MeidlingHauptstraße, Niedrigenergiegebäude (HWB A), 1120 Wien, hell/ ruhig/ modern Neubauwohnung 57m² mit Balkon (3m²), 2 Zimmer, 4. Stock, ab 01.01.2026, hofseitig, Baujahr 2018 von BUWOG","Wien, 12. Bezirk, Meidling",1120,1280,2,57,Wien,Wien,1.0,4,Wohnung,2025-11-01T22:49:00Z,1280.0,Rechte Wienzeile 229
1480023013,Gemeindewohnung,"Wien, 10. Bezirk, Favoriten",1100,523,2,48,Wien,Wien,1.0,1,Wohnung,2025-11-01T22:23:00Z,523.0,Fritz-pregl-gasse 5
1253504880,Top Lage an Grenze zum 1. Bezirk 2-Zimmer Neubauwohnung mit Balkon,"Wien, 02. Bezirk, Leopoldstadt",1020,1690,2,57,Wien,Wien,0.79,2. Stock,Wohnung,2025-11-01T21:34:00Z,1690.0,Lilienbrunngasse
930502188,"Helles und gemütliches 1-Zimmer Studio, Innenhoflage, 1160 Wien","Wien, 16. Bezirk, Ottakring",1160,650,1,26,Wien,Wien,0.79,5,Wohnung,2025-11-01T21:34:00Z,650.0,Ottakringerstraße
1101697811,Moderne 2-Zimmer-Wohnung mit Loggia und Garten in 1210 Wien - Nur 969 EUR Miete!,"Wien, 21. Bezirk, Floridsdorf",1210,969,2,47,Wien,Wien,1.0,4,Wohnung,2025-11-01T21:33:00Z,969.0,N/A
831341717,Moderne 2-Zimmer-Wohnung mit Balkon in 1210 Wien - Ihr neues Zuhause!,"Wien, 21. Bezirk, Floridsdorf",1210,1299.01,2,64,Wien,Wien,1.0,1,Wohnung,2025-11-01T21:31:00Z,1299.01,N/A
1134237383,Helle Wohnung mit großer Loggia ins Grüne in absoluter Ruhelage am Fuße des Wilhelminenberges / Provisionsfrei,"Wien, 16. Bezirk, Ottakring",1160,1690,3,92,Wien,Wien,1.0,1,Wohnung,2025-11-01T20:57:00Z,1690.0,Degengasse 70
1019622094,Moderne 2-Zimmer-Wohnung mit Balkon in 1210 Wien - Ihr neues Zuhause wartet!,"Wien, 21. Bezirk, Floridsdorf",1210,969,2,47,Wien,Wien,1.0,6,Wohnung,2025-11-01T20:38:00Z,969.0,N/A
951577152,"Sonnenlicht, Stil & Stadtnähe - 2,5 Zimmer-DG-Wohnung mit Balkon in Grünruhelage","Wien, 12. Bezirk, Meidling",1120,1199,2,80,Wien,Wien,1.0,N/A,Wohnung,2025-11-01T20:37:00Z,1199.0,N/A
2113431072,geräumige 4-Zimmer Wohnung in bester Gegend (vollklimatisiert),"Wien, 19. Bezirk, Döbling",1190,2990,4,126,Wien,Wien,1.0,2,Wohnung,2025-11-01T20:35:00Z,2990.0,N/A
1457862588,Charmante 2-Zimmer-Wohnung mit Balkon in 1200 Wien - Ihr neues Zuhause!,"Wien, 20. Bezirk, Brigittenau",1200,969,2,46,Wien,Wien,1.0,1,Wohnung,2025-11-01T20:35:00Z,969.0,N/A
879447148,Moderne 3-Zimmer-Wohnung mit Loggia in 1200 Wien - Ihr neues Zuhause!,"Wien, 20. Bezirk, Brigittenau",1200,1899,3,93,Wien,Wien,1.0,2,Wohnung,2025-11-01T20:33:00Z,1899.0,N/A
1059467073,Naturnahe moderne 2-Zimmer Neubauwohnung in absoluter Ruhelage,"Wien, 22. Bezirk, Donaustadt",1220,960,2,55,Wien,Wien,N/A,1,Wohnung,2025-11-01T19:57:00Z,960.0,N/A
1742729428,++NEU++ stilvolle 2-Zimmer-Wohnung mitten im Herzen der Stadt (1/19),"Wien, 06. Bezirk, Mariahilf",1060,1525,2,50,Wien,Wien,1.0,4,Wohnung,2025-11-01T19:35:00Z,1525.0,N/A
1758315713,NEU: DIREKT AM ESTEPLATZ: Stilvolle Altbauwohnung mit 4 Zimmern & Balkon in Toplage - Wohnung wird noch modernisiert!,"Wien, 03. Bezirk, Landstraße",1030,4624.05,5,190,Wien,Wien,1.0,3,Wohnung,2025-11-01T19:28:00Z,4624.05,Esteplatz 3
1342484080,"Central 4-Room Apartment, Terrace & Parking near U Bahn Neubaugasse- No Agent Fees!""","Wien, 07. Bezirk, Neubau",1070,2250,4,85,Wien,Wien,1.0,1,Wohnung,2025-11-01T19:16:00Z,2250.0,Lindengasse 33
1804057549,LAEND YARD - Charmante Wohnung in Toplage: 2 Zimmer inkl. Einbauküche beim Donaukanal - ab 01.01.2026 beziehbar - JETZT ANFRAGEN,"Wien, 03. Bezirk, Landstraße",1030,1040.67,2,44,Wien,Wien,1.0,10,Wohnung,2025-11-01T18:55:00Z,1040.67,Erdberger Lände 26
1711823836,Mietwohnung Nähe Bahnhof Floridsdorf,"Wien, 21. Bezirk, Floridsdorf",1210,969,2,48,Wien,Wien,1.0,6,Wohnung,2025-11-01T18:55:00Z,969.0,N/A
942944799,"Neue, möblierte Wohnung mit Fernblick & U-Bahn Nähe, provisionsfrei!","Wien, 22. Bezirk, Donaustadt",1220,1816,3,74,Wien,Wien,1.0,5,Wohnung,2025-11-01T18:44:00Z,1816.0,Bertha-Von-Suttner-Gasse 4
1584955148,Wunderschöne Zweizimmerwohnung in Ottakring zu vermieten,"Wien, 16. Bezirk, Ottakring",1160,998,2,61,Wien,Wien,0.79,2,Wohnung,2025-11-01T18:14:00Z,998.0,Eckmüllnergasse
1084418129,MODERNE WOHNUNG IN KOMPLETT RESTAURIERTER JAHRHUNDERTWENDEVILLA MIT TOLLEM BLICK - ERSTBEZUG,"Wien, 18. Bezirk, Währing",1180,4990,4,197,Wien,Wien,1.0,1,Wohnung,2025-11-01T18:06:00Z,4990.0,N/A
1707807438,"Hauptbahnhof, DECK ZEHN Neubauwohnung Erstbezug mit Terrasse, BUWOG, 1100 Wien","Wien, 10. Bezirk, Favoriten",1100,1310,2,60,Wien,Wien,0.79,7,Wohnung,2025-11-01T17:42:00Z,1310.0,Laxenburgerstraße
584628300,Maurer Hauptplatz,"Wien, 23. Bezirk, Liesing",1230,1042,3,61,Wien,Wien,0.76,HP,Wohnung,2025-11-01T17:37:00Z,1042.0,"1230 Wien, Endressstraße 102"
1748468716,Gemeindewohnung 3-Zimmer,"Wien, 03. Bezirk, Landstraße",1030,757,3,80,Wien,Wien,0.79,1,Wohnung,2025-11-01T17:08:00Z,757.0,Baumgasse
1064807430,++++ NEU RENOVIERTES MIETOBJEKT IM HERZEN DES COTTAGEVIERTELS ++++,"Wien, 19. Bezirk, Döbling",1190,1994.99,4,118,Wien,Wien,N/A,N/A,Wohnung,2025-11-01T16:53:00Z,1994.99,N/A
1640264104,"Vollausgestattetes Top-Appartement mit Traumblick (€ 1.450 inkl HBK, Heizung, Strom)","Wien, 03. Bezirk, Landstraße",1030,1450,2,47,Wien,Wien,1.0,27,Wohnung,2025-11-01T16:52:00Z,1450.0,Schnirchgasse 11
1084286595,ERSTBEZUG Top Wohnung U3 2 Zimmer + Loggia - 1 bedroom apartment + loggia U3 = DAS LAURENZ=,"Wien, 11. Bezirk, Simmering",1110,1223.17,2,57,Wien,Wien,N/A,N/A,Wohnung,2025-11-01T16:49:00Z,1223.17,N/A
2047827551,Couple Loft For Internationals - Stylish Fully Furnished Apartment All inclusive - SHORT TERM RENTAL 3 - 6 MONTHS ONLY | COMMISSION FREE,"Wien, 17. Bezirk, Hernals",1170,860,2,30,Wien,Wien,1.0,N/A,Wohnung,2025-11-01T16:40:00Z,860.0,Hernalser Hauptstraße 170
935605744,"Kernsanierte 2,5 Zimmer Wohnung nahe Schwendermarkt","Wien, 15. Bezirk, Rudolfsheim-Fünfhaus",1150,935,2,43,Wien,Wien,1.0,1,Wohnung,2025-11-01T16:39:00Z,935.0,Grimmgasse 42
1572296308,5-Zimmer-Wohnung mit Balkon nähe Schönbornpark,"Wien, 08. Bezirk, Josefstadt",1080,2798.72,5,149,Wien,Wien,N/A,1,Wohnung,2025-11-01T16:04:00Z,2798.72,Laudongasse
893417908,**VOLL MÖBLIERTE und AUSGESTATTETE Wohnung in SUPERLAGE!!!**,"Wien, 03. Bezirk, Landstraße",1030,990,0,34,Wien,Wien,1.0,N/A,Wohnung,2025-11-01T16:03:00Z,990.0,Erdbergstraße 118/8
1194632196,3 Zimmer Wohnung,"Wien, 10. Bezirk, Favoriten",1100,810,3,80,Wien,Wien,1.0,2,Wohnung,2025-11-01T15:51:00Z,810.0,Baron-Karl-Gasse 4
1897386059,ERSTBEZUG -=Das Laurenz= 2 Zimmer Wohnung mit Loggia U3 - 1 Bedroom apartment with Loggia,"Wien, 11. Bezirk, Simmering",1110,1167.1,2,56,Wien,Wien,N/A,N/A,Wohnung,2025-11-01T15:49:00Z,1167.1,N/A
804145323,Grünruhelage nahe Glanzing! Perfekt geschnittene 3-Zimmer-Wohnung mit optionalem Garagenplatz,"Wien, 19. Bezirk, Döbling",1190,1296.9,3,77,Wien,Wien,1.0,N/A,Wohnung,2025-11-01T15:25:00Z,1296.9,N/A
1810495889,Moderne 2-Zimmerwohnung mit Balkon und Klimaanlage,"Wien, 12. Bezirk, Meidling",1120,1442.68,0,84,Wien,Wien,1.0,N/A,Wohnung,2025-11-01T15:25:00Z,1442.68,Darnautgasse
1119046758,Günstige 1-Zimmer-Gemeindewohnung zur Direktvergabe (Vormerkschein vor 30.9.2025),"Wien, 16. Bezirk, Ottakring",1160,331,1,31,Wien,Wien,N/A,3,Wohnung,2025-11-01T15:16:00Z,331.0,N/A
2030064381,Ruhiges Mikroapartment mit Gartenblick im 13. Bezirk,"Wien, 13. Bezirk, Hietzing",1130,720,2,36,Wien,Wien,1.0,1,Wohnung,2025-11-01T15:14:00Z,720.0,Hetzendorferstraße 156
1610847282,Traumhafte Neubau-2-Zimmer-Wohnung mit Balkon! Nur 4 Gehminuten zur U1!,"Wien, 22. Bezirk, Donaustadt",1220,1175,2,51,Wien,Wien,1.0,2,Wohnung,2025-11-01T14:55:00Z,1175.0,Am langen Felde 24
1197792116,Klimatisierte 2-Zimmer-Wohnung mit zwei Terrassen und Ausblick auf das Schloss Schönbrunn und Steinhofkirche sowie ein opt. Stellplatz!,"Wien, 14. Bezirk, Penzing",1140,1590,2,59,Wien,Wien,1.0,N/A,Wohnung,2025-11-01T14:29:00Z,1590.0,Max-Reinhardt-Gasse
1408520352,Exklusiver Erstbezug 2025: Traumhaftes 4-Stock-Apartment mit Garten & Panoramaterrassen | Town-House-Charakter | klimatisiert,"Wien, 16. Bezirk, Ottakring",1160,2952.63,5,123,Wien,Wien,1.0,N/A,Wohnung,2025-11-01T14:24:00Z,2952.63,N/A
1627381005,Garten Wohnung Neu Saniert Nähe Wien,"Wien, 23. Bezirk, Liesing",1230,490,1,20,Wien,Wien,N/A,N/A,Wohnung,2025-11-01T14:21:00Z,490.0,N/A
909881242,3 Zimmer Loggiawohnung + - ERSTBEZUG = DAS LAURENZ = 2 bedroom apartment+loggia,"Wien, 11. Bezirk, Simmering",1110,1522.4,3,74,Wien,Wien,N/A,1,Wohnung,2025-11-01T14:20:00Z,1522.4,N/A
1780471322,gemeinde direktvergabe,"Wien, 22. Bezirk, Donaustadt",1220,816,4,80,Wien,Wien,1.0,2,Wohnung,2025-11-01T14:18:00Z,816.0,Tietzestraße 2
1366549315,3 Zimmer Wohnung zu vermieten 1050 wien,"Wien, 05. Bezirk, Margareten",1050,1350,3,59,Wien,Wien,1.0,4,Wohnung,2025-11-01T14:14:00Z,1350.0,Zentagasse 11
